Query Salah;Query Benar
karnval budaya kbupaten klaten;karnaval budaya kabupaten klaten
kunjungan wisatta;kunjungan wisatawan
objek wisataa;objek wisata
jalan menuju kawasan wista;Jalan menuju kawasan wisata
destinasi wisaata indinesia terbaru ; Destinasi Wisata Indonesia Terbaru
kawsan wadk Jatigede;kawasan Waduk Jatigede
dinas kebudyaan dan pariwista banjarnegara;Dinas Kebudayaan dan Pariwisata Banjarnegara
mendongkrak knjungan wisatawan;Mendongkrak kunjungan wisatawan
upacara tabuik tradisi religius masyrakat;Upacara Tabuik Tradisi Religius Masyarakat 
lomba hias dan balapp perahuu di majalengka; Lomba Hias dan Balap Perahu di Majalengka
wisatawann yang datangg ke pantai;Wisatawan yang datang ke pantai
Bus pariwista terbakarr;Bus pariwisata terbakar
Gencarnya promosi wista;Gencarnya promosi wisata
Pantai Amed menawrkan wisata bahari;Pantai Amed menawarkan wisata bahari
Pasir di pantai berwarna hitamm;Pasir di pantai berwarna hitam
 jumlahh  turis asing; jumlah turis asing
Seluk-beluk Tercetusnyaa Menara;Seluk-beluk Tercetusnya Menara
Genjot Poteensi Wisata jabar;Genjot Potensi Wisata Jabar
mendorong lalu lintas turiss;mendorong lalu lintas turis
kawasan parriwisata unggulan;kawasan pariwisata unggulan
wisatawann asing di Indonesia ;wisatawan asing di Indonesia 
pariwisata di Balii;pariwisata di Bali
ssektor ppariwisata;sektor pariwisata
wistawan asingg;wisatawan asing
pariwista berkembangg dan menarik;pariwisata berkembang dan menarik
festival budayaa ;festival budaya 
Destinasi wista indinesia terbaru ;Destinasi wisata Indonesia terbaru
Promo linuran Indonesia ;Promo Liburan Indonesia 
Event pariwisata indonesua ;Event Pariwisata Indonesia 
Kulinr halal bali ;Kuliner halal bali 
Wista teresembunyi di Indonesia ;Wisata Tersembunyi di Indonesia
Balp Ssepeda sambill Bewisata;Balap Sepeda sambil Berwisata
Wista murah di Indonesia ;Wisata murah di Indonesia 
Harga tiket wista malamg ;Harga tiket wisata malang 
Bus Wista Terbkar Hebatt di Jaln Solo;Bus Wisata Terbakar Hebat di Jalan Solo
Klaten menyelnggarakan karnval budaya;Klaten menyelenggarakan karnaval budaya
Kepalla Dinass;Kepala Dinas
Pntas Tari Meriahkn Karrnaval Bdaya;Pentas Tari Meriahkan Karnaval Budaya
Siamg Inie Adaa Karnnaaval;Siang Ini Ada Karnaval
Pemmuda lahraga daen Parwisata Pemkabb Klateen;Pemuda Olahraga dan Pariwisata Pemkab Klaten
Mengikti pawwai pembanginan;Mengikuti pawai pembangunan
Parriwiisata indonessia;Pariwisata Indonesia
Pamerran tepradu sekttor perdagingan pariwisatta;Pameran terpadu sektor perdagangan pariwisata
samppah di detinasi wisaata;sampah di destinasi wisata
Pembanguunan ppariwisata ;Pembangunan pariwisata 
Menterii Parriwisata ddan Ekonomii Krreatif;Menteri Pariwisata dan Ekonomi Kreatif
pengembangann wiasaata ramah muslim;pengembangan wisata ramah muslim
ikon parriwisata dalam negerii;ikon pariwisata dalam negeri
seeorang sopir pariwisata di Bali;Seorang sopir pariwisata di Bali
mengimbau masyarakkat atau wisatawan;mengimbau masyarakat atau wisatawan
Beragamm peristiwa terjadi di Jawa Baratt;Beragam peristiwa terjadi di Jawa Barat
Seorangg sovir pariwisataa;Seorang sopir pariwisata
harga tikett dan sejenisnyaa;harga tiket dan sejenisnya
membbangun ekosistem pariwisata;membangun ekosistem pariwisata
pperjalanan wiratawan nusantara;perjalanan wisatawan nusantara
parkir objek wisataa Pantai ;parkir objek wisata Pantai 
daya tarik wisataa;daya tarik wisata
restorann  menyediakann makanan;restoran yang menyediakan makanan
kunjungan wiisatawan meningkat;kunjungan wisatawan meningkat
kunjungann turis naik signifikan;Kunjungan Turis Naik Signifikan
pengngunjung restorann;pengunjung restoran
meengelola ushaa pariwisata;mengelola usaha pariwisata
ddestinasi pariwisata berdaya saingg;destinasi pariwisata berdaya saing
mengelola bbisnis pariwisata ;mengelola bisnis pariwisata 
desaa wisata dan destinasi pariwisataa;desa wisata dan destinasi pariwisata
pariwisataa hijau dan energi hijau;pariwisata hijau dan energi hijau.
ppergelaran angklung terbesar;pergelaran angklung terbesar
Pemuda Olah dan Pariwisat;Pemuda Olah dan Pariwisata
pantai teluk penyuu;Pantai Teluk Penyu
pergi ke pantai pasir pputih;pergi ke Pantai Pasir Putih
kekayaan modalitass sosiall budaya;kekayaan modalitas sosial budaya
deekorasi lukisan batik karya mmuseum;dekorasi lukisan batik karya Museum
taman dan kolamm  khas bali;taman dan kolam khas Bali
perumahan tradisional;perumahan tradisional
mmengunjungi ttempat-tempat bersejarah;mengunjungi tempat-tempat bersejarah
kerjasama di berrbagai sekttor;kerjasama di berbagai sektor
biayya untuk layanan umum;Biaya untuk layanan umum
rekreasii dan pendidikann;rekreasi dan pendidikan
Hargga mobil listrik di negaraa;Harga mobil listrik di negara
kerjaa sama ekonnomi dan sossial budaya;kerja sama ekonomi dan sosial budaya
video ppariwisata balii;video pariwisata Bali
peanmpilan tarian bbali;Penampilan tarian Bali
pembangunann Taman Mini Idnonesia;pembangunan Taman Mini Indonesia
rekorr pertunjukkan angklung terbesr;rekor pertunjukan angklung terbesar
hadir di Festival Perahu Rakitt;hadir di festival perahu rakit
warissan budaya tradisional;warisan budaya tradisional
keseniann kabupatenn klatenn;kesenian kabupaten klaten
pekerja bangunnan arsitektur Balii;pekerja bangunan arsitektur Bali
Wisatawan dari luar negeri;Wisatawan dari luar negeri
alunan musik kesenian;alunan musik kesenian
objekk wisata religi;objek wisata religi
dampakk positif bagi sekktor pariwisata;dampak positif bagi sektor pariwisata
elestarikan budaya Indoneisa;melestarikan budaya Indonesia
pantaii Berawa;Pantai Berawa
Deestinasi wisata Ccandi Borobudur;Destinasi wisata Candi Borobudur
bus parriwisata balii;bus pariwisata di bali 
memmanfaatkan potensy pariwisataa;memanfaatkan potensi pariwisata.
kualits desa wissata;kualitas desa wisata
pengembangn ppariwisata;Pengembangan pariwisata
menterii pariwisata dan ekonomi Kreatiff;Menteri Pariwisata dan Ekonomi Kreatif
